記事タイトル,URL
【Python】スクレイピングでブログ記事のタイトルを取得する【Scraping】,https://kutinasi-hobbyjoy.com/python-scraping3/
【Python】robots.txt を解析してクローリング可能か確認する【urllib.robotparser】,https://kutinasi-hobbyjoy.com/python-scraping2/
【Python】Webスクレイピング用ライブラリのインストール【requests・Beautiful Soup4】,https://kutinasi-hobbyjoy.com/python-scraping1/
【Python】テキストファイルをリストで読み書きする【初心者向け】,https://kutinasi-hobbyjoy.com/python-5/
【Python】開いたファイルに入力した文字を追加する【初心者向け】,https://kutinasi-hobbyjoy.com/python-4/
【初心者向け】Gitのブランチを使ってファイルの更新,https://kutinasi-hobbyjoy.com/github-4/
【初心者向け】GitHubを使ったバージョン管理【push・pull】,https://kutinasi-hobbyjoy.com/github-3/
【初心者向け】GitHubを使ったバージョン管理【リポジトリ作成】,https://kutinasi-hobbyjoy.com/github-2/
【初心者向け】GitHubを使ったバージョン管理【アカウント作成】,https://kutinasi-hobbyjoy.com/github-1/
【Python】CSVファイルの操作【初心者向け】,https://kutinasi-hobbyjoy.com/python-3/
